Workbook

Sheet JSA
C1: Análisis de Riesgo para Trabajos Especiales (JSA) | S1: F-SGA-8.1- 7 - Análisis de Riesgo para Trabajos Especiales
A4: Compañía | R4: Periodo:
A5: Actividad: | R5: Horario:
A6: Análisis de riesgos & Aspectos Ambientales potenciales
A7: Descripción de las tareas a realizar | D7: Evaluación de Riesgos Potenciales en Seguridad e Identificación de Aspectos Ambiental | F7: Evaluacion de riesgos y Aspectos Ambientales previa a actividad | L7: Medidas Preventivas & Controles Operacionales | M7: Severidad del daño despues de medidas preventivas y controles operacionales | S7: Documentación Requerida (Permisos especiales, Hojas de inspección, DC3, etc)
F8: Severidad | H8: Probabilidad | K8: Categoría | M8: Severidad | O8: Probabilidad | R8: Categoría
D9: Seguridad | G9: =IF(F9=Hoja2!$D$4,Hoja2!$D$3,IF(JSA!F9=Hoja2!$E$4,Hoja2!$E$3,IF(JSA!F9=Hoja2!$F$4,Hoja2!$F$3,IF(JSA!F9=Hoja2!$G$4,Hoja2!$G$3,0)))) -> 0 | I9: =IF(H9=Hoja2!$C$9,Hoja2!$B$9,IF(JSA!H9=Hoja2!$C$8,Hoja2!$B$8,IF(JSA!H9=Hoja2!$C$7,Hoja2!$B$7,IF(JSA!H9=Hoja2!$C$6,Hoja2!$B$6,IF(JSA!H9=Hoja2!$C$5,Hoja2!$B$5,0))))) -> 0 | J9: =I9*G9 -> 0 | K9: =IF(ISERROR(VLOOKUP(J9,Hoja2!$B$11:$C$23,2,FALSE)),"",VLOOKUP(JSA!J9,Hoja2!$B$11:$C$23,2,FALSE)) | N9: =IF(M9=Hoja2!$D$4,Hoja2!$D$3,IF(JSA!M9=Hoja2!$E$4,Hoja2!$E$3,IF(JSA!M9=Hoja2!$F$4,Hoja2!$F$3,IF(JSA!M9=Hoja2!$G$4,Hoja2!$G$3,0)))) -> 0 | P9: =IF(O9=Hoja2!$C$9,Hoja2!$B$9,IF(JSA!O9=Hoja2!$C$8,Hoja2!$B$8,IF(JSA!O9=Hoja2!$C$7,Hoja2!$B$7,IF(JSA!O9=Hoja2!$C$6,Hoja2!$B$6,IF(JSA!O9=Hoja2!$C$5,Hoja2!$B$5,0))))) -> 0 | Q9: =N9*P9 -> 0 | R9: =IF(ISERROR(VLOOKUP(Q9,Hoja2!$B$11:$C$23,2,FALSE)),"",VLOOKUP(JSA!Q9,Hoja2!$B$11:$C$23,2,FALSE))
D10: Ambiental | G10: =IF(F10=Hoja2!$D$4,Hoja2!$D$3,IF(JSA!F10=Hoja2!$E$4,Hoja2!$E$3,IF(JSA!F10=Hoja2!$F$4,Hoja2!$F$3,IF(JSA!F10=Hoja2!$G$4,Hoja2!$G$3,0)))) -> 0 | I10: =IF(H10=Hoja2!$C$9,Hoja2!$B$9,IF(JSA!H10=Hoja2!$C$8,Hoja2!$B$8,IF(JSA!H10=Hoja2!$C$7,Hoja2!$B$7,IF(JSA!H10=Hoja2!$C$6,Hoja2!$B$6,IF(JSA!H10=Hoja2!$C$5,Hoja2!$B$5,0))))) -> 0 | J10: =I10*G10 -> 0 | K10: =IF(ISERROR(VLOOKUP(J10,Hoja2!$B$11:$C$23,2,FALSE)),"",VLOOKUP(JSA!J10,Hoja2!$B$11:$C$23,2,FALSE)) | N10: =IF(M10=Hoja2!$D$4,Hoja2!$D$3,IF(JSA!M10=Hoja2!$E$4,Hoja2!$E$3,IF(JSA!M10=Hoja2!$F$4,Hoja2!$F$3,IF(JSA!M10=Hoja2!$G$4,Hoja2!$G$3,0)))) -> 0 | P10: =IF(O10=Hoja2!$C$9,Hoja2!$B$9,IF(JSA!O10=Hoja2!$C$8,Hoja2!$B$8,IF(JSA!O10=Hoja2!$C$7,Hoja2!$B$7,IF(JSA!O10=Hoja2!$C$6,Hoja2!$B$6,IF(JSA!O10=Hoja2!$C$5,Hoja2!$B$5,0))))) -> 0 | Q10: =N10*P10 -> 0 | R10: =IF(ISERROR(VLOOKUP(Q10,Hoja2!$B$11:$C$23,2,FALSE)),"",VLOOKUP(JSA!Q10,Hoja2!$B$11:$C$23,2,FALSE))
D11: Seguridad | G11: =IF(F11=Hoja2!$D$4,Hoja2!$D$3,IF(JSA!F11=Hoja2!$E$4,Hoja2!$E$3,IF(JSA!F11=Hoja2!$F$4,Hoja2!$F$3,IF(JSA!F11=Hoja2!$G$4,Hoja2!$G$3,0)))) -> 0 | I11: =IF(H11=Hoja2!$C$9,Hoja2!$B$9,IF(JSA!H11=Hoja2!$C$8,Hoja2!$B$8,IF(JSA!H11=Hoja2!$C$7,Hoja2!$B$7,IF(JSA!H11=Hoja2!$C$6,Hoja2!$B$6,IF(JSA!H11=Hoja2!$C$5,Hoja2!$B$5,0))))) -> 0 | J11: =I11*G11 -> 0 | K11: =IF(ISERROR(VLOOKUP(J11,Hoja2!$B$11:$C$23,2,FALSE)),"",VLOOKUP(JSA!J11,Hoja2!$B$11:$C$23,2,FALSE)) | N11: =IF(M11=Hoja2!$D$4,Hoja2!$D$3,IF(JSA!M11=Hoja2!$E$4,Hoja2!$E$3,IF(JSA!M11=Hoja2!$F$4,Hoja2!$F$3,IF(JSA!M11=Hoja2!$G$4,Hoja2!$G$3,0)))) -> 0 | P11: =IF(O11=Hoja2!$C$9,Hoja2!$B$9,IF(JSA!O11=Hoja2!$C$8,Hoja2!$B$8,IF(JSA!O11=Hoja2!$C$7,Hoja2!$B$7,IF(JSA!O11=Hoja2!$C$6,Hoja2!$B$6,IF(JSA!O11=Hoja2!$C$5,Hoja2!$B$5,0))))) -> 0 | Q11: =N11*P11 -> 0 | R11: =IF(ISERROR(VLOOKUP(Q11,Hoja2!$B$11:$C$23,2,FALSE)),"",VLOOKUP(JSA!Q11,Hoja2!$B$11:$C$23,2,FALSE))
D12: Ambiental | G12: =IF(F12=Hoja2!$D$4,Hoja2!$D$3,IF(JSA!F12=Hoja2!$E$4,Hoja2!$E$3,IF(JSA!F12=Hoja2!$F$4,Hoja2!$F$3,IF(JSA!F12=Hoja2!$G$4,Hoja2!$G$3,0)))) -> 0 | I12: =IF(H12=Hoja2!$C$9,Hoja2!$B$9,IF(JSA!H12=Hoja2!$C$8,Hoja2!$B$8,IF(JSA!H12=Hoja2!$C$7,Hoja2!$B$7,IF(JSA!H12=Hoja2!$C$6,Hoja2!$B$6,IF(JSA!H12=Hoja2!$C$5,Hoja2!$B$5,0))))) -> 0 | J12: =I12*G12 -> 0 | K12: =IF(ISERROR(VLOOKUP(J12,Hoja2!$B$11:$C$23,2,FALSE)),"",VLOOKUP(JSA!J12,Hoja2!$B$11:$C$23,2,FALSE)) | N12: =IF(M12=Hoja2!$D$4,Hoja2!$D$3,IF(JSA!M12=Hoja2!$E$4,Hoja2!$E$3,IF(JSA!M12=Hoja2!$F$4,Hoja2!$F$3,IF(JSA!M12=Hoja2!$G$4,Hoja2!$G$3,0)))) -> 0 | P12: =IF(O12=Hoja2!$C$9,Hoja2!$B$9,IF(JSA!O12=Hoja2!$C$8,Hoja2!$B$8,IF(JSA!O12=Hoja2!$C$7,Hoja2!$B$7,IF(JSA!O12=Hoja2!$C$6,Hoja2!$B$6,IF(JSA!O12=Hoja2!$C$5,Hoja2!$B$5,0))))) -> 0 | Q12: =N12*P12 -> 0 | R12: =IF(ISERROR(VLOOKUP(Q12,Hoja2!$B$11:$C$23,2,FALSE)),"",VLOOKUP(JSA!Q12,Hoja2!$B$11:$C$23,2,FALSE))
D13: Seguridad | G13: =IF(F13=Hoja2!$D$4,Hoja2!$D$3,IF(JSA!F13=Hoja2!$E$4,Hoja2!$E$3,IF(JSA!F13=Hoja2!$F$4,Hoja2!$F$3,IF(JSA!F13=Hoja2!$G$4,Hoja2!$G$3,0)))) -> 0 | I13: =IF(H13=Hoja2!$C$9,Hoja2!$B$9,IF(JSA!H13=Hoja2!$C$8,Hoja2!$B$8,IF(JSA!H13=Hoja2!$C$7,Hoja2!$B$7,IF(JSA!H13=Hoja2!$C$6,Hoja2!$B$6,IF(JSA!H13=Hoja2!$C$5,Hoja2!$B$5,0))))) -> 0 | J13: =I13*G13 -> 0 | K13: =IF(ISERROR(VLOOKUP(J13,Hoja2!$B$11:$C$23,2,FALSE)),"",VLOOKUP(JSA!J13,Hoja2!$B$11:$C$23,2,FALSE)) | N13: =IF(M13=Hoja2!$D$4,Hoja2!$D$3,IF(JSA!M13=Hoja2!$E$4,Hoja2!$E$3,IF(JSA!M13=Hoja2!$F$4,Hoja2!$F$3,IF(JSA!M13=Hoja2!$G$4,Hoja2!$G$3,0)))) -> 0 | P13: =IF(O13=Hoja2!$C$9,Hoja2!$B$9,IF(JSA!O13=Hoja2!$C$8,Hoja2!$B$8,IF(JSA!O13=Hoja2!$C$7,Hoja2!$B$7,IF(JSA!O13=Hoja2!$C$6,Hoja2!$B$6,IF(JSA!O13=Hoja2!$C$5,Hoja2!$B$5,0))))) -> 0 | Q13: =N13*P13 -> 0 | R13: =IF(ISERROR(VLOOKUP(Q13,Hoja2!$B$11:$C$23,2,FALSE)),"",VLOOKUP(JSA!Q13,Hoja2!$B$11:$C$23,2,FALSE))
D14: Ambiental | G14: =IF(F14=Hoja2!$D$4,Hoja2!$D$3,IF(JSA!F14=Hoja2!$E$4,Hoja2!$E$3,IF(JSA!F14=Hoja2!$F$4,Hoja2!$F$3,IF(JSA!F14=Hoja2!$G$4,Hoja2!$G$3,0)))) -> 0 | I14: =IF(H14=Hoja2!$C$9,Hoja2!$B$9,IF(JSA!H14=Hoja2!$C$8,Hoja2!$B$8,IF(JSA!H14=Hoja2!$C$7,Hoja2!$B$7,IF(JSA!H14=Hoja2!$C$6,Hoja2!$B$6,IF(JSA!H14=Hoja2!$C$5,Hoja2!$B$5,0))))) -> 0 | J14: =I14*G14 -> 0 | K14: =IF(ISERROR(VLOOKUP(J14,Hoja2!$B$11:$C$23,2,FALSE)),"",VLOOKUP(JSA!J14,Hoja2!$B$11:$C$23,2,FALSE)) | N14: =IF(M14=Hoja2!$D$4,Hoja2!$D$3,IF(JSA!M14=Hoja2!$E$4,Hoja2!$E$3,IF(JSA!M14=Hoja2!$F$4,Hoja2!$F$3,IF(JSA!M14=Hoja2!$G$4,Hoja2!$G$3,0)))) -> 0 | P14: =IF(O14=Hoja2!$C$9,Hoja2!$B$9,IF(JSA!O14=Hoja2!$C$8,Hoja2!$B$8,IF(JSA!O14=Hoja2!$C$7,Hoja2!$B$7,IF(JSA!O14=Hoja2!$C$6,Hoja2!$B$6,IF(JSA!O14=Hoja2!$C$5,Hoja2!$B$5,0))))) -> 0 | Q14: =N14*P14 -> 0 | R14: =IF(ISERROR(VLOOKUP(Q14,Hoja2!$B$11:$C$23,2,FALSE)),"",VLOOKUP(JSA!Q14,Hoja2!$B$11:$C$23,2,FALSE))
D15: Seguridad | G15: =IF(F15=Hoja2!$D$4,Hoja2!$D$3,IF(JSA!F15=Hoja2!$E$4,Hoja2!$E$3,IF(JSA!F15=Hoja2!$F$4,Hoja2!$F$3,IF(JSA!F15=Hoja2!$G$4,Hoja2!$G$3,0)))) -> 0 | I15: =IF(H15=Hoja2!$C$9,Hoja2!$B$9,IF(JSA!H15=Hoja2!$C$8,Hoja2!$B$8,IF(JSA!H15=Hoja2!$C$7,Hoja2!$B$7,IF(JSA!H15=Hoja2!$C$6,Hoja2!$B$6,IF(JSA!H15=Hoja2!$C$5,Hoja2!$B$5,0))))) -> 0 | J15: =I15*G15 -> 0 | K15: =IF(ISERROR(VLOOKUP(J15,Hoja2!$B$11:$C$23,2,FALSE)),"",VLOOKUP(JSA!J15,Hoja2!$B$11:$C$23,2,FALSE)) | N15: =IF(M15=Hoja2!$D$4,Hoja2!$D$3,IF(JSA!M15=Hoja2!$E$4,Hoja2!$E$3,IF(JSA!M15=Hoja2!$F$4,Hoja2!$F$3,IF(JSA!M15=Hoja2!$G$4,Hoja2!$G$3,0)))) -> 0 | P15: =IF(O15=Hoja2!$C$9,Hoja2!$B$9,IF(JSA!O15=Hoja2!$C$8,Hoja2!$B$8,IF(JSA!O15=Hoja2!$C$7,Hoja2!$B$7,IF(JSA!O15=Hoja2!$C$6,Hoja2!$B$6,IF(JSA!O15=Hoja2!$C$5,Hoja2!$B$5,0))))) -> 0 | Q15: =N15*P15 -> 0 | R15: =IF(ISERROR(VLOOKUP(Q15,Hoja2!$B$11:$C$23,2,FALSE)),"",VLOOKUP(JSA!Q15,Hoja2!$B$11:$C$23,2,FALSE))
D16: Ambiental | G16: =IF(F16=Hoja2!$D$4,Hoja2!$D$3,IF(JSA!F16=Hoja2!$E$4,Hoja2!$E$3,IF(JSA!F16=Hoja2!$F$4,Hoja2!$F$3,IF(JSA!F16=Hoja2!$G$4,Hoja2!$G$3,0)))) -> 0 | I16: =IF(H16=Hoja2!$C$9,Hoja2!$B$9,IF(JSA!H16=Hoja2!$C$8,Hoja2!$B$8,IF(JSA!H16=Hoja2!$C$7,Hoja2!$B$7,IF(JSA!H16=Hoja2!$C$6,Hoja2!$B$6,IF(JSA!H16=Hoja2!$C$5,Hoja2!$B$5,0))))) -> 0 | J16: =I16*G16 -> 0 | K16: =IF(ISERROR(VLOOKUP(J16,Hoja2!$B$11:$C$23,2,FALSE)),"",VLOOKUP(JSA!J16,Hoja2!$B$11:$C$23,2,FALSE)) | N16: =IF(M16=Hoja2!$D$4,Hoja2!$D$3,IF(JSA!M16=Hoja2!$E$4,Hoja2!$E$3,IF(JSA!M16=Hoja2!$F$4,Hoja2!$F$3,IF(JSA!M16=Hoja2!$G$4,Hoja2!$G$3,0)))) -> 0 | P16: =IF(O16=Hoja2!$C$9,Hoja2!$B$9,IF(JSA!O16=Hoja2!$C$8,Hoja2!$B$8,IF(JSA!O16=Hoja2!$C$7,Hoja2!$B$7,IF(JSA!O16=Hoja2!$C$6,Hoja2!$B$6,IF(JSA!O16=Hoja2!$C$5,Hoja2!$B$5,0))))) -> 0 | Q16: =N16*P16 -> 0 | R16: =IF(ISERROR(VLOOKUP(Q16,Hoja2!$B$11:$C$23,2,FALSE)),"",VLOOKUP(JSA!Q16,Hoja2!$B$11:$C$23,2,FALSE))
D17: Seguridad | G17: =IF(F17=Hoja2!$D$4,Hoja2!$D$3,IF(JSA!F17=Hoja2!$E$4,Hoja2!$E$3,IF(JSA!F17=Hoja2!$F$4,Hoja2!$F$3,IF(JSA!F17=Hoja2!$G$4,Hoja2!$G$3,0)))) -> 0 | I17: =IF(H17=Hoja2!$C$9,Hoja2!$B$9,IF(JSA!H17=Hoja2!$C$8,Hoja2!$B$8,IF(JSA!H17=Hoja2!$C$7,Hoja2!$B$7,IF(JSA!H17=Hoja2!$C$6,Hoja2!$B$6,IF(JSA!H17=Hoja2!$C$5,Hoja2!$B$5,0))))) -> 0 | J17: =I17*G17 -> 0 | K17: =IF(ISERROR(VLOOKUP(J17,Hoja2!$B$11:$C$23,2,FALSE)),"",VLOOKUP(JSA!J17,Hoja2!$B$11:$C$23,2,FALSE)) | N17: =IF(M17=Hoja2!$D$4,Hoja2!$D$3,IF(JSA!M17=Hoja2!$E$4,Hoja2!$E$3,IF(JSA!M17=Hoja2!$F$4,Hoja2!$F$3,IF(JSA!M17=Hoja2!$G$4,Hoja2!$G$3,0)))) -> 0 | P17: =IF(O17=Hoja2!$C$9,Hoja2!$B$9,IF(JSA!O17=Hoja2!$C$8,Hoja2!$B$8,IF(JSA!O17=Hoja2!$C$7,Hoja2!$B$7,IF(JSA!O17=Hoja2!$C$6,Hoja2!$B$6,IF(JSA!O17=Hoja2!$C$5,Hoja2!$B$5,0))))) -> 0 | Q17: =N17*P17 -> 0 | R17: =IF(ISERROR(VLOOKUP(Q17,Hoja2!$B$11:$C$23,2,FALSE)),"",VLOOKUP(JSA!Q17,Hoja2!$B$11:$C$23,2,FALSE))
D18: Ambiental | G18: =IF(F18=Hoja2!$D$4,Hoja2!$D$3,IF(JSA!F18=Hoja2!$E$4,Hoja2!$E$3,IF(JSA!F18=Hoja2!$F$4,Hoja2!$F$3,IF(JSA!F18=Hoja2!$G$4,Hoja2!$G$3,0)))) -> 0 | I18: =IF(H18=Hoja2!$C$9,Hoja2!$B$9,IF(JSA!H18=Hoja2!$C$8,Hoja2!$B$8,IF(JSA!H18=Hoja2!$C$7,Hoja2!$B$7,IF(JSA!H18=Hoja2!$C$6,Hoja2!$B$6,IF(JSA!H18=Hoja2!$C$5,Hoja2!$B$5,0))))) -> 0 | J18: =I18*G18 -> 0 | K18: =IF(ISERROR(VLOOKUP(J18,Hoja2!$B$11:$C$23,2,FALSE)),"",VLOOKUP(JSA!J18,Hoja2!$B$11:$C$23,2,FALSE)) | N18: =IF(M18=Hoja2!$D$4,Hoja2!$D$3,IF(JSA!M18=Hoja2!$E$4,Hoja2!$E$3,IF(JSA!M18=Hoja2!$F$4,Hoja2!$F$3,IF(JSA!M18=Hoja2!$G$4,Hoja2!$G$3,0)))) -> 0 | P18: =IF(O18=Hoja2!$C$9,Hoja2!$B$9,IF(JSA!O18=Hoja2!$C$8,Hoja2!$B$8,IF(JSA!O18=Hoja2!$C$7,Hoja2!$B$7,IF(JSA!O18=Hoja2!$C$6,Hoja2!$B$6,IF(JSA!O18=Hoja2!$C$5,Hoja2!$B$5,0))))) -> 0 | Q18: =N18*P18 -> 0 | R18: =IF(ISERROR(VLOOKUP(Q18,Hoja2!$B$11:$C$23,2,FALSE)),"",VLOOKUP(JSA!Q18,Hoja2!$B$11:$C$23,2,FALSE))
D19: Seguridad | G19: =IF(F19=Hoja2!$D$4,Hoja2!$D$3,IF(JSA!F19=Hoja2!$E$4,Hoja2!$E$3,IF(JSA!F19=Hoja2!$F$4,Hoja2!$F$3,IF(JSA!F19=Hoja2!$G$4,Hoja2!$G$3,0)))) -> 0 | I19: =IF(H19=Hoja2!$C$9,Hoja2!$B$9,IF(JSA!H19=Hoja2!$C$8,Hoja2!$B$8,IF(JSA!H19=Hoja2!$C$7,Hoja2!$B$7,IF(JSA!H19=Hoja2!$C$6,Hoja2!$B$6,IF(JSA!H19=Hoja2!$C$5,Hoja2!$B$5,0))))) -> 0 | J19: =I19*G19 -> 0 | K19: =IF(ISERROR(VLOOKUP(J19,Hoja2!$B$11:$C$23,2,FALSE)),"",VLOOKUP(JSA!J19,Hoja2!$B$11:$C$23,2,FALSE)) | N19: =IF(M19=Hoja2!$D$4,Hoja2!$D$3,IF(JSA!M19=Hoja2!$E$4,Hoja2!$E$3,IF(JSA!M19=Hoja2!$F$4,Hoja2!$F$3,IF(JSA!M19=Hoja2!$G$4,Hoja2!$G$3,0)))) -> 0 | P19: =IF(O19=Hoja2!$C$9,Hoja2!$B$9,IF(JSA!O19=Hoja2!$C$8,Hoja2!$B$8,IF(JSA!O19=Hoja2!$C$7,Hoja2!$B$7,IF(JSA!O19=Hoja2!$C$6,Hoja2!$B$6,IF(JSA!O19=Hoja2!$C$5,Hoja2!$B$5,0))))) -> 0 | Q19: =N19*P19 -> 0 | R19: =IF(ISERROR(VLOOKUP(Q19,Hoja2!$B$11:$C$23,2,FALSE)),"",VLOOKUP(JSA!Q19,Hoja2!$B$11:$C$23,2,FALSE))
D20: Ambiental | G20: =IF(F20=Hoja2!$D$4,Hoja2!$D$3,IF(JSA!F20=Hoja2!$E$4,Hoja2!$E$3,IF(JSA!F20=Hoja2!$F$4,Hoja2!$F$3,IF(JSA!F20=Hoja2!$G$4,Hoja2!$G$3,0)))) -> 0 | I20: =IF(H20=Hoja2!$C$9,Hoja2!$B$9,IF(JSA!H20=Hoja2!$C$8,Hoja2!$B$8,IF(JSA!H20=Hoja2!$C$7,Hoja2!$B$7,IF(JSA!H20=Hoja2!$C$6,Hoja2!$B$6,IF(JSA!H20=Hoja2!$C$5,Hoja2!$B$5,0))))) -> 0 | J20: =I20*G20 -> 0 | K20: =IF(ISERROR(VLOOKUP(J20,Hoja2!$B$11:$C$23,2,FALSE)),"",VLOOKUP(JSA!J20,Hoja2!$B$11:$C$23,2,FALSE)) | N20: =IF(M20=Hoja2!$D$4,Hoja2!$D$3,IF(JSA!M20=Hoja2!$E$4,Hoja2!$E$3,IF(JSA!M20=Hoja2!$F$4,Hoja2!$F$3,IF(JSA!M20=Hoja2!$G$4,Hoja2!$G$3,0)))) -> 0 | P20: =IF(O20=Hoja2!$C$9,Hoja2!$B$9,IF(JSA!O20=Hoja2!$C$8,Hoja2!$B$8,IF(JSA!O20=Hoja2!$C$7,Hoja2!$B$7,IF(JSA!O20=Hoja2!$C$6,Hoja2!$B$6,IF(JSA!O20=Hoja2!$C$5,Hoja2!$B$5,0))))) -> 0 | Q20: =N20*P20 -> 0 | R20: =IF(ISERROR(VLOOKUP(Q20,Hoja2!$B$11:$C$23,2,FALSE)),"",VLOOKUP(JSA!Q20,Hoja2!$B$11:$C$23,2,FALSE))
... D24: Ambiental | G24: =IF(F24=Hoja2!$D$4,Hoja2!$D$3,IF(JSA!F24=Hoja2!$E$4,Hoja2!$E$3,IF(JSA!F24=Hoja2!$F$4,Hoja2!$F$3,IF(JSA!F24=Hoja2!$G$4,Hoja2!$G$3,0)))) -> 0 | I24: =IF(H24=Hoja2!$C$9,Hoja2!$B$9,IF(JSA!H24=Hoja2!$C$8,Hoja2!$B$8,IF(JSA!H24=Hoja2!$C$7,Hoja2!$B$7,IF(JSA!H24=Hoja2!$C$6,Hoja2!$B$6,IF(JSA!H24=Hoja2!$C$5,Hoja2!$B$5,0))))) -> 0 | J24: =I24*G24 -> 0 | K24: =IF(ISERROR(VLOOKUP(J24,Hoja2!$B$11:$C$23,2,FALSE)),"",VLOOKUP(JSA!J24,Hoja2!$B$11:$C$23,2,FALSE)) | N24: =IF(M24=Hoja2!$D$4,Hoja2!$D$3,IF(JSA!M24=Hoja2!$E$4,Hoja2!$E$3,IF(JSA!M24=Hoja2!$F$4,Hoja2!$F$3,IF(JSA!M24=Hoja2!$G$4,Hoja2!$G$3,0)))) -> 0 | P24: =IF(O24=Hoja2!$C$9,Hoja2!$B$9,IF(JSA!O24=Hoja2!$C$8,Hoja2!$B$8,IF(JSA!O24=Hoja2!$C$7,Hoja2!$B$7,IF(JSA!O24=Hoja2!$C$6,Hoja2!$B$6,IF(JSA!O24=Hoja2!$C$5,Hoja2!$B$5,0))))) -> 0 | Q24: =N24*P24 -> 0 | R24: =IF(ISERROR(VLOOKUP(Q24,Hoja2!$B$11:$C$23,2,FALSE)),"",VLOOKUP(JSA!Q24,Hoja2!$B$11:$C$23,2,FALSE))
D25: Seguridad | G25: =IF(F25=Hoja2!$D$4,Hoja2!$D$3,IF(JSA!F25=Hoja2!$E$4,Hoja2!$E$3,IF(JSA!F25=Hoja2!$F$4,Hoja2!$F$3,IF(JSA!F25=Hoja2!$G$4,Hoja2!$G$3,0)))) -> 0 | I25: =IF(H25=Hoja2!$C$9,Hoja2!$B$9,IF(JSA!H25=Hoja2!$C$8,Hoja2!$B$8,IF(JSA!H25=Hoja2!$C$7,Hoja2!$B$7,IF(JSA!H25=Hoja2!$C$6,Hoja2!$B$6,IF(JSA!H25=Hoja2!$C$5,Hoja2!$B$5,0))))) -> 0 | J25: =I25*G25 -> 0 | K25: =IF(ISERROR(VLOOKUP(J25,Hoja2!$B$11:$C$23,2,FALSE)),"",VLOOKUP(JSA!J25,Hoja2!$B$11:$C$23,2,FALSE))
D26: Ambiental | I26: =IF(H26=Hoja2!$C$9,Hoja2!$B$9,IF(JSA!H26=Hoja2!$C$8,Hoja2!$B$8,IF(JSA!H26=Hoja2!$C$7,Hoja2!$B$7,IF(JSA!H26=Hoja2!$C$6,Hoja2!$B$6,IF(JSA!H26=Hoja2!$C$5,Hoja2!$B$5,0))))) -> 0 | J26: =I26*G26 -> 0 | K26: =IF(ISERROR(VLOOKUP(J26,Hoja2!$B$11:$C$23,2,FALSE)),"",VLOOKUP(JSA!J26,Hoja2!$B$11:$C$23,2,FALSE))
D27: Seguridad | I27: =IF(H27=Hoja2!$C$9,Hoja2!$B$9,IF(JSA!H27=Hoja2!$C$8,Hoja2!$B$8,IF(JSA!H27=Hoja2!$C$7,Hoja2!$B$7,IF(JSA!H27=Hoja2!$C$6,Hoja2!$B$6,IF(JSA!H27=Hoja2!$C$5,Hoja2!$B$5,0))))) -> 0 | J27: =I27*G27 -> 0 | K27: =IF(ISERROR(VLOOKUP(J27,Hoja2!$B$11:$C$23,2,FALSE)),"",VLOOKUP(JSA!J27,Hoja2!$B$11:$C$23,2,FALSE)) | N27: =IF(M27=Hoja2!$D$4,Hoja2!$D$3,IF(JSA!M27=Hoja2!$E$4,Hoja2!$E$3,IF(JSA!M27=Hoja2!$F$4,Hoja2!$F$3,IF(JSA!M27=Hoja2!$G$4,Hoja2!$G$3,0)))) -> 0 | P27: =IF(O27=Hoja2!$C$9,Hoja2!$B$9,IF(JSA!O27=Hoja2!$C$8,Hoja2!$B$8,IF(JSA!O27=Hoja2!$C$7,Hoja2!$B$7,IF(JSA!O27=Hoja2!$C$6,Hoja2!$B$6,IF(JSA!O27=Hoja2!$C$5,Hoja2!$B$5,0))))) -> 0 | Q27: =N27*P27 -> 0 | R27: =IF(ISERROR(VLOOKUP(Q27,Hoja2!$B$11:$C$23,2,FALSE)),"",VLOOKUP(JSA!Q27,Hoja2!$B$11:$C$23,2,FALSE))
D28: Ambiental | G28: =IF(F28=Hoja2!$D$4,Hoja2!$D$3,IF(JSA!F28=Hoja2!$E$4,Hoja2!$E$3,IF(JSA!F28=Hoja2!$F$4,Hoja2!$F$3,IF(JSA!F28=Hoja2!$G$4,Hoja2!$G$3,0)))) -> 0 | I28: =IF(H28=Hoja2!$C$9,Hoja2!$B$9,IF(JSA!H28=Hoja2!$C$8,Hoja2!$B$8,IF(JSA!H28=Hoja2!$C$7,Hoja2!$B$7,IF(JSA!H28=Hoja2!$C$6,Hoja2!$B$6,IF(JSA!H28=Hoja2!$C$5,Hoja2!$B$5,0))))) -> 0 | J28: =I28*G28 -> 0 | K28: =IF(ISERROR(VLOOKUP(J28,Hoja2!$B$11:$C$23,2,FALSE)),"",VLOOKUP(JSA!J28,Hoja2!$B$11:$C$23,2,FALSE)) | N28: =IF(M28=Hoja2!$D$4,Hoja2!$D$3,IF(JSA!M28=Hoja2!$E$4,Hoja2!$E$3,IF(JSA!M28=Hoja2!$F$4,Hoja2!$F$3,IF(JSA!M28=Hoja2!$G$4,Hoja2!$G$3,0)))) -> 0 | P28: =IF(O28=Hoja2!$C$9,Hoja2!$B$9,IF(JSA!O28=Hoja2!$C$8,Hoja2!$B$8,IF(JSA!O28=Hoja2!$C$7,Hoja2!$B$7,IF(JSA!O28=Hoja2!$C$6,Hoja2!$B$6,IF(JSA!O28=Hoja2!$C$5,Hoja2!$B$5,0))))) -> 0 | Q28: =N28*P28 -> 0 | R28: =IF(ISERROR(VLOOKUP(Q28,Hoja2!$B$11:$C$23,2,FALSE)),"",VLOOKUP(JSA!Q28,Hoja2!$B$11:$C$23,2,FALSE))
A29: LISTE EL NOMBRE DE SU PERSONAL (TRABAJADORES QUE ESTARAN REALIZANDO LAS ACTIVIDADES PLANEADAS DESCRITAS
A30: NOMBRE DEL TRABAJADOR | M30: FIRMA DEL TRABAJADOR
A38: 1. Firma del Responsable de proyectos validación JSA (KTMEX) | E38: 2. Firma de Gerente y/o Asistente de Área (Área responsable de la actividad) | L38: Nota: Cuando se afecten los procesos productivos derivado de la actividad deberá solicitarse 3. Firma del Gerente de Área Producción (Shop Manager )
A40: Nota :Todas las actividades que sean planeadas a través de este formato serán evaluadas por el departamento de Seguridad & Medio Ambiente, previo a la ejecución de estas tareas. | M40: 6. Firma del Responsable de la compañía Contratista
A41: 4. Firma de Autorización de Medio Ambiente (KTMEX) | F41: 5. Responsable de Safety validación JSA (KTMEX)

Sheet Hoja2
D3: 1 | E3: 2 | F3: 3 | G3: 4
D4: MENOR | E4: MODERADA | F4: CRITICA | G4: FATAL
A5: E | B5: 5 | C5: FRECUENTE | D5: =$D$3*B5 -> 5 | E5: =E3*B5 -> 10 | F5: =$F$3*B5 -> 15 | G5: =$G$3*B5 -> 20
A6: D | B6: 4 | C6: RECURRENTE | D6: =$D$3*B6 -> 4 | E6: =$E$3*B6 -> 8 | F6: =$F$3*B6 -> 12 | G6: =$G$3*B6 -> 16
A7: C | B7: 3 | C7: OCASIONAL | D7: =$D$3*B7 -> 3 | E7: =$E$3*B7 -> 6 | F7: =$F$3*B7 -> 9 | G7: =$G$3*B7 -> 12
A8: B | B8: 2 | C8: AISLADA | D8: =$D$3*B8 -> 2 | E8: =$E$3*B8 -> 4 | F8: =$F$3*B8 -> 6 | G8: =$G$3*B8 -> 8
A9: A | B9: 1 | C9: REMOTA | D9: =$D$3*B9 -> 1 | E9: =$E$3*B9 -> 2 | F9: =$F$3*B9 -> 3 | G9: =$G$3*B9 -> 4
B11: 1 | C11: [E] Mínimo
B12: 2 | C12: [E] Mínimo
B13: 3 | C13: [E] Mínimo
B14: 4 | C14: [D] Bajo
B15: 5 | C15: [C] Medio
B16: 6 | C16: [C] Medio
B17: 8 | C17: [C] Medio
B18: 9 | C18: [B] Elevado
B19: 10 | C19: [B] Elevado
B20: 12 | C20: [B] Elevado
B21: 15 | C21: [A] Grave
B22: 16 | C22: [A] Grave
B23: 20 | C23: [A] Grave
